{"train_error": 0.07559452974232493, "val_error": 0.07872242507266805, "test_error": 0.008158485825243136, "rho": 0.748291843090467}