{"train_error": 0.4902383513879659, "val_error": 0.39597352923397044, "test_error": 0.0021085511273921916, "rho": 0.9311938992815936}