{"train_error": 0.15450622893121327, "val_error": 0.17478469921060819, "test_error": 0.0013106399709508984, "rho": 0.8643721320013779}